"0","1468566187","Tue Apr 07 02:27:10 PDT 2009","NO_QUERY","Suw","@Dr_Black yes, i was invited but will be in San Francisco. Very sorry to miss it "
"0","1551169111","Sat Apr 18 08:19:47 PDT 2009","NO_QUERY","sadiemaeg","sitting in an apartment in san francisco and wishing i was at home "
"0","1556692805","Sat Apr 18 23:54:28 PDT 2009","NO_QUERY","euclidg","I miss &quot;ding-dong-ditching&quot; in San Francisco. "
"0","1557085654","Sun Apr 19 01:56:10 PDT 2009","NO_QUERY","franniey","@petewentz I was going to do this in San francisco but my parents don't want to drive me "
"0","1563867336","Mon Apr 20 00:38:04 PDT 2009","NO_QUERY","gracec02","Just got home. It's hot here in San Francisco too...I want to go back to L.A. already "
"0","1564735388","Mon Apr 20 04:44:15 PDT 2009","NO_QUERY","ghostfacekilla","Ugh the flight to San Francisco is at 6:30 pm, not am. Now I'm waiting around for an overbooked flight "
"0","1564984079","Mon Apr 20 05:33:33 PDT 2009","NO_QUERY","joeyheaton","Heading to the land of fruits and nuts (San Francisco) for the week for the RSA Conference. Missing my Jamie. "
"0","1573243966","Tue Apr 21 00:18:25 PDT 2009","NO_QUERY","sierrajulia","Back from san francisco. "
"0","1676023552","Fri May 01 20:54:13 PDT 2009","NO_QUERY","Licia_LeBeau","We would be landing in San Francisco right now had it not been for this delay... I miss my babii "
"0","1679164476","Sat May 02 08:41:28 PDT 2009","NO_QUERY","mpuig","G'morning! Last day in San Francisco  Hope to return so soon..."
"0","1693756192","Sun May 03 23:39:52 PDT 2009","NO_QUERY","lavishlace","dammit im pissed, day 26 is in san francisco &amp; im not there because i had to work "
"0","1694030440","Mon May 04 00:46:22 PDT 2009","NO_QUERY","fernandovalente","I'm looking for people from San Francisco, but I couldn't find any body yet. "
"0","1694067720","Mon May 04 00:56:33 PDT 2009","NO_QUERY","maxime_at_ekohe","No entertainment system in Air China flight to San Francisco  Sucks, hope I'm going to sleep"
"0","1824242736","Sun May 17 00:34:33 PDT 2009","NO_QUERY","nicooole","@chobedear @aiadriano I'm somewhere near San Francisco. Ang mahal kasi ng plane papuntang NY! We kinda overstayed here so kulang ang time "
"0","1827797777","Sun May 17 11:28:10 PDT 2009","NO_QUERY","clparkerson","Note to self: do not attempt to show friends from Sydney all of San Francisco nightlife in one night again unless you have a spare liver "
"0","1834231014","Mon May 18 02:08:04 PDT 2009","NO_QUERY","halvfet","San Francisco said &quot;toot your own horn&quot; between Chrysler! "
"0","1879911102","Thu May 21 23:30:28 PDT 2009","NO_QUERY","katrinakay","Bah, now I wish I went to San francisco with Kwame this weekend  miss u baby boiiii x_X"
"0","1883010388","Fri May 22 07:51:37 PDT 2009","NO_QUERY","cmacemm","my best friend is moving to san francisco "
"0","1898399285","Sat May 23 18:05:22 PDT 2009","NO_QUERY","Chitostyle","@stevetan yessir I am   workin' out here in San Francisco"
"0","1932326438","Tue May 26 21:14:53 PDT 2009","NO_QUERY","millettekim","Walking around San Francisco this evening, I saw somebody walking their beagle.  It made me miss mine terribly.  "
"0","1932362905","Tue May 26 21:19:07 PDT 2009","NO_QUERY","hannahlilytwo","i wish i was back in san francisco... washington dc is a little boring "
"0","1955763683","Thu May 28 20:35:13 PDT 2009","NO_QUERY","jamesfrye82","@piemonte Crap...I leave San Francisco Thursdsay morning. "
"0","1963385940","Fri May 29 12:38:41 PDT 2009","NO_QUERY","ogreggory","@SherriEShepherd Wish you were doing one in San Francisco! "
"0","1963903402","Fri May 29 13:25:33 PDT 2009","NO_QUERY","sassmarie","Bye twitter &amp; FB world! I'm at the San Francisco airport ready to board Air China. Not sure if I'll have Internet access "
"0","1966189594","Fri May 29 17:17:39 PDT 2009","NO_QUERY","matthewharris","@renegadepr cool. looking forward. san francisco was really nice. didn't make it out to napa though  maybe next time."
"0","1966353049","Fri May 29 17:36:38 PDT 2009","NO_QUERY","ZT_","San Francisco traffic lights hate me. "
"0","1970685758","Sat May 30 04:50:31 PDT 2009","NO_QUERY","ReginaWalton","@questlove damn, I missed The Roots show in Seoul. Now I'm going to miss this in San Francisco! I just have a case of bad timing  Kill it!"
"0","1975141916","Sat May 30 14:32:04 PDT 2009","NO_QUERY","clparkerson","I hate doing house cleaning  in San Francisco, CA http://loopt.us/haqMtg.t"
"0","1976005103","Sat May 30 16:22:51 PDT 2009","NO_QUERY","preiffer","In my usual seat upstairs on VS20 home from San Francisco... "
"0","1977130922","Sat May 30 20:10:36 PDT 2009","NO_QUERY","VanessaZavala","last night in San Francisco  dont want to go home yet"
"0","1982478530","Sun May 31 11:17:21 PDT 2009","NO_QUERY","allison_anne122","@anberlin why aren't you coming to san francisco? "
"0","1983128306","Sun May 31 12:33:29 PDT 2009","NO_QUERY","Patriciapadua","Hi my friends!!! Sun???? What is sun????!!!Living in San Francisco I don't know what is sun at all "
"0","1983845910","Sun May 31 13:57:01 PDT 2009","NO_QUERY","DJTracyYoung","Signing off until #Miami. Please do a rain dance. Thanks San Francisco! P.U. somebody farted!  Gross!!  This is gonna be a long flight!!! "
"0","1984118230","Sun May 31 14:28:42 PDT 2009","NO_QUERY","onesundown","...no laptop means no web coding in bed  FML in San Francisco, CA"
"0","1984874704","Sun May 31 15:59:00 PDT 2009","NO_QUERY","franksway","San Francisco is a beautiful city.  Crazy hills and freaking cold! Did not go to Deja Vu  Centerfold  #fail ... But its close, i can h ..."
"0","1985065516","Sun May 31 16:21:37 PDT 2009","NO_QUERY","WordGirl12","Just found out I can't go to San Francisco this summer because @jmsgrady is out of town the one weekend I'd be able to go "
"0","1989578039","Mon Jun 01 02:03:06 PDT 2009","NO_QUERY","Strangela","I'm having a beer in San Francisco goodbye California "
"0","1990097435","Mon Jun 01 03:52:15 PDT 2009","NO_QUERY","dj1con","going home to san francisco tomorrow... wow this month in london flew by so quickly! bye bye UKonnie "
"0","1990263208","Mon Jun 01 04:22:24 PDT 2009","NO_QUERY","sixtwosix","@choley Been to San Francisco, but I'm pretty sure the only sea lions I saw were in a sea world "
"0","1994575739","Mon Jun 01 12:07:55 PDT 2009","NO_QUERY","kish13","will go on a San Francisco City Tour today. No shopping in Chinatown for me "
"0","1994651015","Mon Jun 01 12:15:02 PDT 2009","NO_QUERY","BitterChris","@alexrudnick You were in San Francisco and I didn't know about it "
"0","1999420733","Mon Jun 01 20:11:16 PDT 2009","NO_QUERY","clintmilner","@RonaldMcJeremy I found out that our San Francisco problems were helping in part to cause your Chicago problems "
"0","2000598439","Mon Jun 01 22:29:10 PDT 2009","NO_QUERY","daveklein","@bsletten no, I'm in San Francisco, where you should be    But next time I'm out there I'll take you up on that. Congrats on the new home!"
"0","2013748942","Tue Jun 02 23:28:25 PDT 2009","NO_QUERY","FratDudeLG","Finished last in trivia tonight... There's a first time for everything  in San Francisco, CA http://loopt.us/fJGrGQ.t"
"0","2015163447","Wed Jun 03 03:53:34 PDT 2009","NO_QUERY","desiderium","I really want to go to the IAMX show on the 9th in San Francisco. "
"0","2015236452","Wed Jun 03 04:06:04 PDT 2009","NO_QUERY","ouiouistiti","Latest news: The move to San Francisco is not happening [not this year anyway] Regardless of not getting hopes up, I'm sad about it "
"0","2015242923","Wed Jun 03 04:07:11 PDT 2009","NO_QUERY","ouiouistiti","Latest news: The move to San Francisco is not happening [not this year anyway] Regardless of not getting my hopes up, I'm sad about it "
"0","2016427896","Wed Jun 03 06:45:36 PDT 2009","NO_QUERY","leo9i","@PetesterZ Thank you! And yeah, I know what you mean abt the quotes  Any other suggestions? You must be quite excited about San Francisco!"
"0","2045615819","Fri Jun 05 10:59:16 PDT 2009","NO_QUERY","daniellehart","@xciaosuicide that is bad ass! Too bad that does me no good in San Francisco "
"0","2046968707","Fri Jun 05 12:57:34 PDT 2009","NO_QUERY","jasna","Had no time to check the weather in San Francisco till now, now I see I won't be taking summer clothes  #iabc09"
"0","2047068469","Fri Jun 05 13:06:12 PDT 2009","NO_QUERY","lukdhondt","Packing to leave for San Francisco tomorrow. Need to get up at 3am "
"0","2049492101","Fri Jun 05 16:58:36 PDT 2009","NO_QUERY","babycomeon","@markhoppus how can people in the uk get tickets to US shows? i'm over in San Francisco for my 18th but can't get a ticket through LN "
"0","2050095440","Fri Jun 05 18:03:30 PDT 2009","NO_QUERY","wolfchild59","So much for getting on the road at a decent hour to get to San Francisco. "
"0","2051164435","Fri Jun 05 19:58:49 PDT 2009","NO_QUERY","Katheeeryn","@mileycyrus I so wish I could go to @mitchelmusso gig but I'm in San francisco now "
"0","2054713596","Sat Jun 06 07:56:21 PDT 2009","NO_QUERY","CEOMichael","Wishes he was in San Francisco at WOWODC and WWDC  ... there's always next year I guess."
"0","2056478268","Sat Jun 06 11:13:04 PDT 2009","NO_QUERY","XKimmieX86","Doing a bunch of last minute things before I leave for San Francisco tomorrow! Ugh, tomorrow's the b-day too, 23...I feel old "
"0","2057350625","Sat Jun 06 12:50:26 PDT 2009","NO_QUERY","groggits","I miss Las Vegas and San Francisco  will I ever see you again?"
"0","2058667150","Sat Jun 06 15:23:36 PDT 2009","NO_QUERY","Tried100X","The Polish restaurant in San Francisco is closing!  No more &quot;Old Krakow&quot;    http://dziuggy.com/ok/"
"0","2059134118","Sat Jun 06 16:18:54 PDT 2009","NO_QUERY","The_Jer","#Earthquake M 3.2, San Francisco Bay area, California http://snipurl.com/jldtv (via @WheresItShaking).&lt; I didn't feel it  bummer"
"0","2060003738","Sat Jun 06 18:04:12 PDT 2009","NO_QUERY","kdchristmas","Brent is going to San Francisco tomorrow morning, without me "
"0","2061771559","Sat Jun 06 21:34:47 PDT 2009","NO_QUERY","rburgst","spent a whole day cycling around San Francisco. Now I have a really bad sunburn  But it was definitely worth it."
"0","2064188780","Sun Jun 07 05:30:56 PDT 2009","NO_QUERY","qkha","Missing san francisco already *sigh* I wish I had more time there  http://myloc.me/2Ukp"
"0","2065861546","Sun Jun 07 09:26:10 PDT 2009","NO_QUERY","r8chthegr8","Made it to San francisco. Too bad I can't see the city!  first time I have ever been to CA and I am in an airport."
"0","2066383807","Sun Jun 07 10:25:04 PDT 2009","NO_QUERY","akrapacs","In Chicago waiting for my connecting flight to San francisco. 2 hours until I depart.  #wwdc"
"0","2067741074","Sun Jun 07 12:52:42 PDT 2009","NO_QUERY","ahhingtina","really misses my home in san francisco "
"0","2070381815","Sun Jun 07 17:35:43 PDT 2009","NO_QUERY","aliciakatrina","totally on an incubus kick, i always forget how amazing this band is, bummed they aren't coming to san francisco "
"0","2174628196","Sun Jun 14 22:57:44 PDT 2009","NO_QUERY","MellissaX0","leaving san francisco early. i miss my dogs! "
"0","2174932707","Sun Jun 14 23:39:57 PDT 2009","NO_QUERY","micahsantos","Last night in San Francisco and in the morning it's off to Frezno   At least we get to drive by Yosemitee on the way there."
"0","2178429463","Mon Jun 15 07:41:20 PDT 2009","NO_QUERY","toshi_yoshida","is now on his flight to San Francisco...but is stuck in the middle seat for the long flight. "
"0","2181467512","Mon Jun 15 11:52:03 PDT 2009","NO_QUERY","gabdogs192","San Francisco really is beautiful this morning. I'm going to miss this view "
"0","2183427352","Mon Jun 15 14:29:30 PDT 2009","NO_QUERY","mjdilla","Wished he had gone to San Francisco today with Friends.... oh well...  "
"0","2184079578","Mon Jun 15 15:23:33 PDT 2009","NO_QUERY","seven2six","Leaving for san francisco but I sorta don't wanna go back "
"0","2186854230","Mon Jun 15 19:26:00 PDT 2009","NO_QUERY","joshourisman","Biggest problem with watching Giants games? Makes me miss San Francisco even more. "
"0","2193335000","Tue Jun 16 08:19:03 PDT 2009","NO_QUERY","venusflesh","@secretlemonade I keep meaning to get the DVDs! I wanna see it!! @Jay00789 LUCKY.  I want that weather sooo badly. Stupid San Francisco."
"0","2193346332","Tue Jun 16 08:20:00 PDT 2009","NO_QUERY","JarrettNolan","is bummed that he won't be able to go to San Francisco for his birthday next month... "
"0","2193828503","Tue Jun 16 08:59:11 PDT 2009","NO_QUERY","kittyberry","Tweet tweet tweeples! So the hottest straight guy in all of San Francisco hits on me last night and I did not know how to flirt back. "
"0","2195045947","Tue Jun 16 10:36:20 PDT 2009","NO_QUERY","mpaclark","Seriously missing the tacos from San Francisco right now... "
"0","2195315658","Tue Jun 16 10:58:10 PDT 2009","NO_QUERY","jasminexlove","San francisco airport is completely locked down, no flights in or out! What am I gonna do?   I was so excited to go home..."
"0","2195341930","Tue Jun 16 11:00:14 PDT 2009","NO_QUERY","camerakari","Left my heart in San Francisco "
"0","2195880700","Tue Jun 16 11:43:48 PDT 2009","NO_QUERY","KGabriela","Kinda dreary day in San Francisco. "
"0","2198006969","Tue Jun 16 15:29:10 PDT 2009","NO_QUERY","venusflesh","@sunshine3676 Well other parts of the Bay Area have perfect weather, but not San Francisco, sadly! "
"0","2199204673","Tue Jun 16 17:10:02 PDT 2009","NO_QUERY","Tidus","@SnowyXue Sorry, I never explained the MUNI (Municipal Transportation) bus to you.    It's San Francisco's main public transportation."
"0","2204897003","Wed Jun 17 03:25:23 PDT 2009","NO_QUERY","SandraDonosti","Trying to find an affordable trip to New York, San Francisco or Los Angeles...still not luck "
"0","2206568844","Wed Jun 17 06:44:31 PDT 2009","NO_QUERY","teddysf","I live in San Francisco and cannot get my wireless internet to work in my apartment ..sitting at starbucks doing international conf call "
"0","2208801862","Wed Jun 17 09:38:50 PDT 2009","NO_QUERY","werdnum","@thornet that's what I miss about San Francisco. The regular culinary gatherings of people who work for various parts of the internets "
"0","2211953100","Wed Jun 17 13:29:31 PDT 2009","NO_QUERY","MziSA","Taking Bart to San Francisco for the first time from Fremont. Haha. My jayden-boo is left at Fremont Bart station "
"0","2212256670","Wed Jun 17 13:52:20 PDT 2009","NO_QUERY","ohcarrlyn","$750 for rent minus $850 for my car minus whatever i spend in san francisco this weekend = broke "
"0","2218371546","Wed Jun 17 22:21:40 PDT 2009","NO_QUERY","ItsAuntBecky","At The set of Wake Up San Francisco. Were doing a Live show. Nicky And Alex - Mommy misses you! "
"0","2224763784","Thu Jun 18 09:54:15 PDT 2009","NO_QUERY","timbe2","&gt;&gt; Why I Don't Like the 2009 Giants: There are a lot of fans of the San Francisco Giants who can.. http://kl.am/Pxw (via @GiantsMLB) AMEN "
"0","2228295880","Thu Jun 18 14:15:42 PDT 2009","NO_QUERY","DistrictOfAris","@MarkDC I think she's talking about her San Francisco friend.  That's ok.  No one likes me anyway "
"0","2237091800","Fri Jun 19 05:10:01 PDT 2009","NO_QUERY","GViper","San Francisco again for another 2 weeks this Tuesday! 2 days of work before then though, ugh "
"0","2239193870","Fri Jun 19 08:14:39 PDT 2009","NO_QUERY","HansOngchua","Like this site: http://www.idealist.org/ No equivalent of @IdealistJobsDC for San Francisco Bay Area? "
"0","2241893278","Fri Jun 19 11:30:41 PDT 2009","NO_QUERY","viviloveshannes","@home..so boring i want back to san francisco "
"0","2245063999","Fri Jun 19 15:36:15 PDT 2009","NO_QUERY","courtneywarhol","Ordered the camera. But I don't know if I'm going to get it in time for San Francisco "
"0","2246515084","Fri Jun 19 17:42:45 PDT 2009","NO_QUERY","ashmylee","@mitchelmusso what about San Francisco? or San Jose? "
"0","2248452318","Fri Jun 19 20:38:50 PDT 2009","NO_QUERY","brianfriedman","stranded @ the airport in San Francisco!  waaaaa waaaa waaaaa I wanna be @ home in bed"
"0","2248920533","Fri Jun 19 21:24:40 PDT 2009","NO_QUERY","mysugarisraw","@tweetieelovee haha. No   I wish I live n San francisco area I like it out here but I miss Hawaii"
"0","2250239172","Sat Jun 20 00:01:56 PDT 2009","NO_QUERY","BitterChris","@suprachib Yeah  (Or you guys could come out to San Francisco sometime!)"
"0","2253642631","Sat Jun 20 08:30:36 PDT 2009","NO_QUERY","megduck","Working Saturdays should be illegal when it's this nice a day in San Francisco! "
"0","2257475770","Sat Jun 20 14:23:49 PDT 2009","NO_QUERY","Modelista","@cremebruleecart TAKING A BREAK?  darn. I was going to san francisco today.."
"0","2258582368","Sat Jun 20 16:09:37 PDT 2009","NO_QUERY","danlum","massaging my sunburnt neck.  in San Francisco, CA http://loopt.us/NO4UPA.t"
"0","2258587348","Sat Jun 20 16:10:06 PDT 2009","NO_QUERY","danlum","massaging my sunburnt neck.  in San Francisco, CA http://loopt.us/dU_mDA.t"
"0","2262260590","Sat Jun 20 22:10:29 PDT 2009","NO_QUERY","social_buterfly","doesn't want to leave San Francisco tomorrow morning! "
"0","2282299208","Mon Jun 22 11:11:35 PDT 2009","NO_QUERY","winnerandy","walked over 2 try &amp; C #MichelleObama 's speach @ Volunteer conference in San Francisco, doesn't look like I'm gonna c it. Back 2 work "
"0","2285478755","Mon Jun 22 15:10:57 PDT 2009","NO_QUERY","beccaalmond","@ThePISTOL I see your San Francisco tour date's been cancelled. This is very disheartening &amp; turbulent to my vacation "
"0","2288502137","Mon Jun 22 19:14:43 PDT 2009","NO_QUERY","Alseny","I got a a 2 hour flight from Seattle to San Francisco, then a 3 hour drive to Lake Tahoe. This is gonna hurt "
"0","2295520101","Tue Jun 23 08:01:58 PDT 2009","NO_QUERY","poshmama","@ThePetSet I agree with you on MB even though I have waited 3 weeks for a service appt in San Francisco. "
"0","2300798032","Tue Jun 23 14:36:21 PDT 2009","NO_QUERY","ethansays","@enriqueporestar    nope...I'll be up in Lake Tahoe at that time.   You need to come see me in San Francisco!"
"0","2322715097","Wed Jun 24 23:07:42 PDT 2009","NO_QUERY","damnitnoelle","@BrownSugarVi if i could make it to san francisco i would go "
"0","2324561041","Thu Jun 25 03:28:25 PDT 2009","NO_QUERY","gamersdailynews","Heading to San Francisco to the 1C Company show tonight. TSA took my shaving cream and shampoo. Apparently bottles too big!! "
"4","1467825712","Mon Apr 06 22:23:42 PDT 2009","NO_QUERY","Andrael","@LaurUy West.  Mostly San Jose and San Francisco."
"4","1468162657","Tue Apr 07 00:03:26 PDT 2009","NO_QUERY","blueomni87","Finally going to sleep; getting up early for Opening Day in San Francisco "
"4","1551907261","Sat Apr 18 10:16:57 PDT 2009","NO_QUERY","Digg_it","Going to San Francisco for the fun of it. "
"4","1553583906","Sat Apr 18 14:39:43 PDT 2009","NO_QUERY","imaginarycanary","My reading is tonight in San Francisco's Mission District! I'll be at Amnesia on Valencia Street. Starts at 7! "
"4","1556092571","Sat Apr 18 21:37:17 PDT 2009","NO_QUERY","prettynicki","San francisco is beautiful. The view from my room is so pretty! Having some fun tonight and sleeping in tomorrow "
"4","1563576149","Sun Apr 19 23:22:21 PDT 2009","NO_QUERY","alvyblue09cho","bye guys it's mmy last day here in San Francisco tomorrow we will be going to manila "
"4","1563715601","Sun Apr 19 23:57:16 PDT 2009","NO_QUERY","Karilo13","@adnamay i wish. but i already requested 3 days off for Kings Of Leon in San Francisco for May. "
"4","1564689403","Mon Apr 20 04:33:47 PDT 2009","NO_QUERY","zacislost","Look at the wonderful typographical resource I've recieved from my favourite couple in San Francisco  http://twitpic.com/3ng0c"
"4","1676689776","Fri May 01 22:51:00 PDT 2009","NO_QUERY","archaelus","Off to San Francisco via Frankfurt today. Too late for #erlangfactory but still can't wait to be there "
"4","1687041676","Sun May 03 07:35:24 PDT 2009","NO_QUERY","pamfitz","Packing and on way to San Francisco to more rain, at least it's expected there "
"4","1691899549","Sun May 03 18:51:00 PDT 2009","NO_QUERY","Alcnor","Just got back from San Francisco, spent the day up there with family "
"4","1692138332","Sun May 03 19:21:24 PDT 2009","NO_QUERY","christinawrites","@joeymcintyre I have to be in San Francisco this week unfortunately but I will see you in Miami!  "
"4","1693698905","Sun May 03 23:27:08 PDT 2009","NO_QUERY","valerieorsoni","TRAVEL: try the Vampire Tour of San Francisco. Go to http://www.sfvampiretour.com. Cool Gothic spots, famous graves, and ghosts! Enjoy! "
"4","1693720165","Sun May 03 23:31:48 PDT 2009","NO_QUERY","darrenleblanc","Overlooked san francisco from a rooftop hot tub with my little girl and my cousin tonight - doesn't get much better "
"4","1753217407","Sun May 10 00:36:54 PDT 2009","NO_QUERY","djspy","Listening to some house music!(what else?) I got a gig in San Francisco next Friday. BE THERE  details on my www.myspace.com/djspy"
"4","1823572265","Sat May 16 22:20:17 PDT 2009","NO_QUERY","FionaMaryBrigid","What a hot day in San Francisco....it was a relief to drive over the Golden Gate Bridge and enjoy the wind in our hair!!! "
"4","1823846730","Sat May 16 23:10:32 PDT 2009","NO_QUERY","blutosolive","@vivasth Can't make it. Have to drive Rish to San Francisco. You can bore me  to death after I get back. "
"4","1824659783","Sun May 17 02:21:27 PDT 2009","NO_QUERY","RockstarAtHeart","@tsarnick The San Francisco Bay Area. "
"4","1825606241","Sun May 17 06:16:29 PDT 2009","NO_QUERY","laurapheobie","18 days till @voidboi and I leave for San Francisco! "
"4","1828074182","Sun May 17 12:02:07 PDT 2009","NO_QUERY","Miniopolis","&quot;Love from our town, San Francisco.&quot; Signed Tick &amp; Tock    http://bit.ly/NOxT7"
"4","1833644322","Sun May 17 23:58:09 PDT 2009","NO_QUERY","gracec02","@taylorswift13 That's cool, but San Francisco, California sounds so much better. "
"4","1833727246","Mon May 18 00:14:47 PDT 2009","NO_QUERY","Chris812125","Anyone else in california feel todays earthquake? Wow. Back in L.A, had a wonderful time in San Francisco "
"4","1834100102","Mon May 18 01:37:43 PDT 2009","NO_QUERY","tyler_mcphedran","@chayn3s haha where is 91610? isnt it 90210 maybe hahaa no way man, san francisco  xx"
"4","1956825247","Thu May 28 22:47:09 PDT 2009","NO_QUERY","qthrul","Sunny California weather  - Chinatown Community Dev Center (San Francisco,CA) - Photo: http://bkite.com/07Wzr"
"4","1957436394","Fri May 29 00:29:56 PDT 2009","NO_QUERY","bechte","Starting journey to San Francisco to visit #javaone .  I start feeling excited right now ... SFO, I'm coming "
"4","1957585736","Fri May 29 00:58:00 PDT 2009","NO_QUERY","pr1001","&quot;San Francisco engineers love open source like east coast liberals love Obama.&quot; Classic!  http://bit.ly/16mK5f"
"4","1962353255","Fri May 29 10:54:59 PDT 2009","NO_QUERY","ki2mylife","looking forward to #TWTRCON this weekend in San Francisco...thx @lalayu -- i'll be bringing both laptop &amp; phone "
"4","1962662186","Fri May 29 11:25:06 PDT 2009","NO_QUERY","marlonluz","I'm going to San Francisco... See you... "
"4","1963005848","Fri May 29 12:03:34 PDT 2009","NO_QUERY","AliceTChan","HEADS UP: PCBC will be  @ Moscone Center San Francisco from June 17-19 - see you there!   http://bit.ly/gQbD5"
"4","1963115899","Fri May 29 12:13:39 PDT 2009","NO_QUERY","mariarosecrosby","In San francisco! With the whole fam! Ten people with ten cents each to offer "
"4","1965844677","Fri May 29 16:38:53 PDT 2009","NO_QUERY","mrkcson","I'm chillen at the airport waiting for my flight to San Francisco....  I'm excited  "
"4","1966616392","Fri May 29 18:05:26 PDT 2009","NO_QUERY","MCeeYOSHi","San Francisco CA. Shopping with @Chelseamonet then club BLOW UP. There will be a Panic at the Disco.Underaged Intoxicated Souls. toodles "
"4","1967983563","Fri May 29 20:33:29 PDT 2009","NO_QUERY","jennasn95","going to san francisco tomorrow...  for a basketball tournament."
"4","1968047455","Fri May 29 20:39:53 PDT 2009","NO_QUERY","BayAreaBadger","@GregLaswell Can't wait for the June 18th show in San Francisco!  "
"4","1968664929","Fri May 29 21:55:59 PDT 2009","NO_QUERY","CiaoBellaMe15","My favorite part about giants games is &quot;i left my heart in san francisco&quot; at the end "
"4","1969689821","Sat May 30 00:52:42 PDT 2009","NO_QUERY","oddbjornk","Off to San Francisco and #JavaOne! 20 hour travel, but still... Woho! "
"4","1969973461","Sat May 30 01:56:49 PDT 2009","NO_QUERY","nancyyeh","I wonder how old I have to be in order for people to accept me when I run for Supervisor in San Francisco "
"4","1970155319","Sat May 30 02:40:55 PDT 2009","NO_QUERY","upperthree","Sitting on the 11th floor of a beautiful hotel in downtown San Francisco with a crazzzy view of the skyline. Thanks for the room Del! "
"4","1971751780","Sat May 30 07:49:10 PDT 2009","NO_QUERY","PsychoCandy_x","I just booked the hotel for San Francisco, luckily this time only for 4 night though "
"4","1973965352","Sat May 30 12:10:37 PDT 2009","NO_QUERY","RahneX","@MEazyVA LOL Its the capital. Sacramento.  Although I was born in San Francisco."
"4","1974333822","Sat May 30 12:55:08 PDT 2009","NO_QUERY","Bethy120","@mileycyrus Hey Miley! Im Bethan, a big fan  I live in the UK but i was born in San Francisco  Anyway...how are you today?"
"4","1976559994","Sat May 30 18:26:35 PDT 2009","NO_QUERY","Kyletwit","We are going to the Giants game and then getting pizza from Little Star. San Francisco is awesome. "
"4","1976732178","Sat May 30 18:54:16 PDT 2009","NO_QUERY","derwildemomo","Somewhere between san francisco and sa cramento. Great ride thx to amtrack  http://twitgoo.com/d11i"
"4","1976735349","Sat May 30 18:54:52 PDT 2009","NO_QUERY","derwildemomo","http://twitpic.com/6b10b - Somewhere between san francisco and sa cramento. Great ride thx to amtrack "
"4","1976764430","Sat May 30 19:00:12 PDT 2009","NO_QUERY","jentonic","Cruising and drinking with the san francisco family "
"4","1977156872","Sat May 30 20:14:38 PDT 2009","NO_QUERY","luvmonie","P.S. L.A. IN THE AM  LIGHT WEIGHT EXCITED ABOUT MOVING BACK HM...I'M OVER SAN FRANCISCO AND THE BS...HA!"
"4","1978804196","Sun May 31 00:31:31 PDT 2009","NO_QUERY","jouni","Finally settled in San Francisco, hotel is decent, WiFi working. All is good in the world  No some sleep, thank you very much!"
"4","1978854750","Sun May 31 00:42:08 PDT 2009","NO_QUERY","fairycat","We're number 40 on the ReverbNation Electronica/Dance charts for Oakland/San Francisco, CA.  Listen us and became a fan of us!   www.r ..."
"4","1979368149","Sun May 31 02:44:41 PDT 2009","NO_QUERY","MooseChina","I finally found &quot;Chinese&quot; fortune cookies in China! They're made in America! (San Francisco) lol. They DO taste better here, though! "
"4","1980856166","Sun May 31 07:50:47 PDT 2009","NO_QUERY","Jonviere","Has one more day on the East Coast then Im back to San Francisco! Acting school starts this week "
"4","1983639106","Sun May 31 13:32:39 PDT 2009","NO_QUERY","cinguli","@lancearmstrong The first Critical Mass ride was in San Francisco  the nearest one to me was in Budapest.Got the t-shirt "
"4","1986006894","Sun May 31 18:10:28 PDT 2009","NO_QUERY","SydneyHelen","Home sweet Home... I can't believe I'm going to San Francisco this weekend. Crazy weekends in May. "
"4","1989703002","Mon Jun 01 02:30:24 PDT 2009","NO_QUERY","moosatov","Our teacher just sang &quot;I left my heart in San Francisco&quot; "
"4","1990728815","Mon Jun 01 05:36:17 PDT 2009","NO_QUERY","susanlam","i still can't believe we went to fucking SAN FRANCISCO!!! i was squealing like a baby as we were entering the golden gate bridge  &lt;3'd it!"
"4","1992499790","Mon Jun 01 08:51:13 PDT 2009","NO_QUERY","arielwaldman","BTW, Happy Anniversary to @CupcakeCamp! One year ago today, we held the first CupcakeCamp in San Francisco! "
"4","1996553456","Mon Jun 01 15:16:46 PDT 2009","NO_QUERY","rwalford79","@svinge PS..ANDELE 4G INTO SAN FRANCISCO.. and by Andele, I mean 4G it 4G style into SF...that means, MAKE IT HAPPEN FASTER! "
"4","1996598221","Mon Jun 01 15:21:25 PDT 2009","NO_QUERY","shunaenae","ughhhhhhhhhh can't wait for when the weekend  yey San Francisco! =]"
"4","1996748212","Mon Jun 01 15:37:14 PDT 2009","NO_QUERY","sjean70","@Varshinitweets The WWDC in San Francisco next week. Not that I'm going mind you. Just expecting some nice new Apple news. "
"4","1996768411","Mon Jun 01 15:39:25 PDT 2009","NO_QUERY","genlenben","@MysticEclipse my class is at the acting school in San Francisco. Yea, I've been replying to ppl and they've been replying back! "
"4","1997029952","Mon Jun 01 16:07:37 PDT 2009","NO_QUERY","sjagger","@meenasandhu june 7th, off again on the 10th to speak in San Francisco "
"4","1998007795","Mon Jun 01 17:50:14 PDT 2009","NO_QUERY","egratto","@natasha That's hilarious. &quot;The Lumberjack Elves of San Francisco&quot; is a great short story title. (And yes, I'm using it, so no stealing.) "
"4","1998840758","Mon Jun 01 19:12:39 PDT 2009","NO_QUERY","missjackiebrown","San Francisco Music Festival starring, Sugar Ray, Matt Nathanson and Parachute..instant finalist shot in 5 minutes on 92.9zzu. "
"4","1999141592","Mon Jun 01 19:42:44 PDT 2009","NO_QUERY","bryanthatcher","Santorini, count me in.... On the ground in San francisco "
"4","2000382399","Mon Jun 01 21:59:54 PDT 2009","NO_QUERY","cwallinger","Since yesterday I've been in Miami, Atlanta, Peoria, Denver, Sacramento and now San Francisco... no clue what time it is "
"4","2000697308","Mon Jun 01 22:43:49 PDT 2009","NO_QUERY","zykloid","... and after a very long flight arrived in San Francisco. However, had a good seat with lot of space for the legs "
"4","2000775445","Mon Jun 01 22:56:01 PDT 2009","NO_QUERY","davidcairns","Ahh, you can always tell it's June in San Francisco when you can see your breath.  Happy Summer, everybody! "
"4","2001288389","Tue Jun 02 00:24:18 PDT 2009","NO_QUERY","daynah","@Randomguru Thanks for the shoutout! I got the chance to meet @suki last weekend in San Francisco.  She's great!"
"4","2001672541","Tue Jun 02 01:40:29 PDT 2009","NO_QUERY","laurapheobie","I got new clothes for San Francisco on Saturday  I have a buttload of work to do! *works on history* ugh"
"4","2003831010","Tue Jun 02 07:13:16 PDT 2009","NO_QUERY","MissMarisol","@Blagica Or that looks like San Francisco. "
"4","2005060761","Tue Jun 02 09:09:06 PDT 2009","NO_QUERY","erliou56","@ellebartonxx OMG YOU ARE COMING TO SAN FRANCISCO? COME VISIT ME "
"4","2014662885","Wed Jun 03 02:16:19 PDT 2009","NO_QUERY","Tidus","@BlitzBallPlayer What a coincidence... I just went running down along the San Francisco Bay, myself.    I'm glad that it helped you too."
"4","2015269533","Wed Jun 03 04:11:51 PDT 2009","NO_QUERY","suesharples","Eventsbrite now showing map location for my next WoT networking meeting as South Beach, San Francisco. May be a bit far to get to    @2hp"
"4","2016247753","Wed Jun 03 06:26:32 PDT 2009","NO_QUERY","IanRobinson","@gideonking So will Ian Robinson as he has to fly to San Francisco on Saturday morning!! "
"4","2016660730","Wed Jun 03 07:09:11 PDT 2009","NO_QUERY","meghanbeattie","Guess what fellow Tweeters... I'm in the process of packing for a move to San Francisco! It's happening!  Cannot wait."
"4","2017878337","Wed Jun 03 09:05:27 PDT 2009","NO_QUERY","nadiachen","surprisingly sunny day in san francisco! "
"4","2044335413","Fri Jun 05 09:12:28 PDT 2009","NO_QUERY","tonyadam","Good Morning San Francisco: http://twitpic.com/6od4z (view from my room), ok, it ain't great...but it's SF...so I am happy "
"4","2045752207","Fri Jun 05 11:11:03 PDT 2009","NO_QUERY","ohnorosco","@earth2travis appreciate the sentiment, but I just moved out if Athens to San Francisco "
"4","2048451540","Fri Jun 05 15:13:15 PDT 2009","NO_QUERY","kosso","I'll be at a Tweetup tomorrow in San Francisco : see info here : http://twtvite.com/qa0kj9  come along if you're in town! "
"4","2048556734","Fri Jun 05 15:23:39 PDT 2009","NO_QUERY","PaladinStaff","rt @ kosso I'll be at a Tweetup tomorrow in San Francisco : see info here : http://twtvite.com/qa0kj9 come along if you're in town! "
"4","2050135637","Fri Jun 05 18:07:49 PDT 2009","NO_QUERY","Batgirlbabs","@roblevin eventually! Living in San francisco; San diego in July for the con "
"4","2050436270","Fri Jun 05 18:39:58 PDT 2009","NO_QUERY","floretan","Enjoying a nice bike ride around San Francisco... you probably recognize the bridge  http://short.to/e2vt"
"4","2052864816","Sat Jun 06 02:19:38 PDT 2009","NO_QUERY","merrysuperstar","@paeders Thank you!  Waiting for  my connection flight from London to San Francisco..."
"4","2053814481","Sat Jun 06 05:46:54 PDT 2009","NO_QUERY","coffeeislove","Off to San Francisco! Be back on Sunday "
"4","2055305710","Sat Jun 06 09:04:33 PDT 2009","NO_QUERY","katiebeeks","San francisco here we come "
"4","2057567268","Sat Jun 06 13:14:40 PDT 2009","NO_QUERY","Cypris0109","Warped Tour June 27th in San Francisco. Bad Religion, here I come "
"4","2057748537","Sat Jun 06 13:35:17 PDT 2009","NO_QUERY","rideordiechick","@iamLLCoolJ im in san francisco.. Its sunny and warm with a cool breeze "
"4","2059531906","Sat Jun 06 17:07:15 PDT 2009","NO_QUERY","dressjunkie","@cimota has arrived safely in San Francisco  Sleep time for me now"
"4","2060978310","Sat Jun 06 19:56:49 PDT 2009","NO_QUERY","Freakazoid0419","Had so much Fiz-fun in San Francisco with Meghedy and Jackie "
"4","2061029883","Sat Jun 06 20:02:36 PDT 2009","NO_QUERY","foodiePrints","@Gigireviews Out of curiosity, have you had Chinese food in San Francisco?  So Boston is it eh?  Noting it down "
"4","2061164776","Sat Jun 06 20:18:32 PDT 2009","NO_QUERY","nessagabriella","Had an 7 hr photo shoot today with Chris Spurrell from San Francisco, I'm exhausted but it was so much fun "
"4","2061890114","Sat Jun 06 21:50:49 PDT 2009","NO_QUERY","cristineamorim","Spent the day in San Francisco! Passed through Castro, visited Golden Gate Seminary, crossed the Golden Gate, went to stores and Pier 39! "
"4","2062026050","Sat Jun 06 22:09:25 PDT 2009","NO_QUERY","jasmooti","If ure in san francisco and want a tattoo, they are doin them for free at ybca! Open till 3am "
"4","2062973822","Sun Jun 07 00:55:53 PDT 2009","NO_QUERY","yourstrulyaimee","on a road trip to San Francisco from San Diego, then going to head to LegoLand "
"4","2063405411","Sun Jun 07 02:31:37 PDT 2009","NO_QUERY","Lawlasaurusrex","Omfg that's it! I'm going to San francisco! Road trip baby!!! "
"4","2063676290","Sun Jun 07 03:38:04 PDT 2009","NO_QUERY","urquidez","3:30am, San Francisco, high on endorphines and a very. dodgy. brownie. "
"4","2063952195","Sun Jun 07 04:42:24 PDT 2009","NO_QUERY","jasna","Who said I am not a morning person? Just need to be in San Francisco )  At 4AM writing a proposal. Wondering when Starbucks opens "
"4","2063971258","Sun Jun 07 04:46:36 PDT 2009","NO_QUERY","MoranfriedeR","in JFK waiting for my flight to San Francisco i love US "
"4","2065732247","Sun Jun 07 09:10:56 PDT 2009","NO_QUERY","ccal4321MD","Sunday morning my sister is coming from San Francisco to see my new house! Is a family day!  my garden looks perfect just perfect!"
"4","2065995504","Sun Jun 07 09:41:25 PDT 2009","NO_QUERY","tylerothites","Bummer. I can't go to Fresno warped tour cause my sister is moving to college that day. I'm gonna go to San Francisco warped though "
"4","2066321311","Sun Jun 07 10:17:55 PDT 2009","NO_QUERY","emily_frank","@cdeblaay If your lucky synod will be canceled next year and you can go in 2011 when it's in San Francisco "
"4","2069082562","Sun Jun 07 15:13:46 PDT 2009","NO_QUERY","MichelleLagasca","Boy With a Coin - Iron &amp; Wine. Yesterday: Cherry Festival, Ferris Wheel, Daryl's, San Francisco, Up, La Pinata, &amp;MORE &lt;3 Beautiful day "
"4","2069789725","Sun Jun 07 16:31:51 PDT 2009","NO_QUERY","isajazgon","If you're going to San Francisco be sure to wear some flowers in your hair.  I wanna go!"
"4","2070766569","Sun Jun 07 18:15:43 PDT 2009","NO_QUERY","zachyd","@MissBeckala nice! im 4th row in the pit n1 of spac . i did vegas. also doing san francisco, fresno, gorge, and irvine. "
"4","2072352842","Sun Jun 07 20:51:47 PDT 2009","NO_QUERY","SpeeedFreeek","@pressdog Finally got settled in at home and read the notes. Sweet! That was fun. Gonna get me a San Francisco Treat shirt. LOL! Thanks!  "
"4","2175275278","Mon Jun 15 00:32:40 PDT 2009","NO_QUERY","websitejeff","@Ninepinkbears yay San Francisco  well I'm about home, thanks for keeping me company!"
"4","2175600753","Mon Jun 15 01:27:04 PDT 2009","NO_QUERY","ThatMissyGirl_0","@wtcc Going to San Francisco next month..Woo! New video soon? "
"4","2175670049","Mon Jun 15 01:39:08 PDT 2009","NO_QUERY","Zanjackson","Detail Records live ! You can listen anywhere in the world  from san francisco to Egypt lol. June 20th at 10pm. http://mypict.me/3TuD"
"4","2176590864","Mon Jun 15 04:16:17 PDT 2009","NO_QUERY","docbaty","Lined up a hot lunch date in San Francisco. Think I'll be buying for having been a pain in the ass recently "
"4","2184828316","Mon Jun 15 16:28:53 PDT 2009","NO_QUERY","Drakknar","Searching again for a room in San Francisco... Fingers crossed! "
"4","2186013911","Mon Jun 15 18:13:57 PDT 2009","NO_QUERY","liliales"," @SandyU @MightyBoognish @kittyireland It's light with a bit of punch. Mission=San Francisco gin, Mexican liqueur, seemed an apt name."
"4","2186224298","Mon Jun 15 18:31:58 PDT 2009","NO_QUERY","MellyBelly626","@unikey13 Yup, San Francisco last Feb  and thanks  I love it too  Where was yours taken?"
"4","2186881299","Mon Jun 15 19:28:21 PDT 2009","NO_QUERY","adindakuntadi","In san francisco.. The weather is nice, the food is delicious, and the shop is amazing  so happy to be here with my lovely family.."
"4","2187249433","Mon Jun 15 20:00:33 PDT 2009","NO_QUERY","Jen_Roks","In San Francisco! 2 days of awesome city "
"4","2187818794","Mon Jun 15 20:51:15 PDT 2009","NO_QUERY","yogini_martha","is back to the grind but enjoying some San Francisco Ghiradelli "
"4","2188506377","Mon Jun 15 22:01:26 PDT 2009","NO_QUERY","shoutscout1","Just got back from san francisco, its good to be back home...  Scout "
"4","2189682820","Tue Jun 16 00:38:11 PDT 2009","NO_QUERY","tigerlily_","@L0L1TA I played that song everyday in America, it reminds me of San Francisco "
"4","2189948204","Tue Jun 16 01:20:26 PDT 2009","NO_QUERY","Hossein2","Is going to san francisco august. Go look at outside lands line up 2009 to see the 4795649652 bands he gets to see.  so excited."
"4","2190620813","Tue Jun 16 03:15:15 PDT 2009","NO_QUERY","KeithTotp","@shadyadie I'm in San Francisco It's about 3am. I have to be up to get a plane at 9. it's fine  I'm just finishing the champagne "
"4","2190736972","Tue Jun 16 03:35:02 PDT 2009","NO_QUERY","jessescottie","wish i was on a plane to washington dc right now like someone else i know  miami.. disney world... new york... san francisco... lucky boy!"
"4","2191338003","Tue Jun 16 05:03:49 PDT 2009","NO_QUERY","mennybenady","@ArielaRoss you sent a link 2 San Francisco Guide  was that your intention? (first photo published somewhere other than Flickr...)"
